 [
    {
    "name": "John Doe",
    "orderdate" : "12 Aug 2022 - 12:25 am",
    "ordertype" : "Home Delivery",
    "TrackingId" : "568934",
    "OrderTotal" : "N25,000",
    "Status" : "Completed"
},

{
    "name": "Mariya",
    "orderdate" : "15 Aug 2022 - 12:25 am",
    "ordertype" : "Home Delivery",
    "TrackingId" : "054231",
    "OrderTotal" : "N25,000",
    "Status" : "Completed"
},

{
    "name": "Scarlet",
    "orderdate" : "10 Aug 2022 - 12:25 am",
    "ordertype" : "PickUp",
    "TrackingId" : "783428",
    "OrderTotal" : "N25,000",
    "Status" : "Completed"
},

{
    "name": "John Cena",
    "orderdate" : "12 Aug 2022 - 12:25 am",
    "ordertype" : "Home Delivery",
    "TrackingId" : "712975",
    "OrderTotal" : "N25,000",
    "Status" : "Completed"
},

{
    "name": "RDJ",
    "orderdate" : "12 Aug 2022 - 12:25 am",
    "ordertype" : "Home Delivery",
    "TrackingId" : "943988",
    "OrderTotal" : "N25,000",
    "Status" : "Completed"
},

{
    "name": "Chris",
    "orderdate" : "25 Aug 2022 - 12:25 am",
    "ordertype" : "PickUp",
    "TrackingId" : "004378",
    "OrderTotal" : "N25,000",
    "Status" : "Completed"
},

{
    "name": "Tom",
    "orderdate" : "12 Aug 2022 - 12:25 am",
    "ordertype" : "PickUp",
    "TrackingId" : "126709",
    "OrderTotal" : "N25,000",
    "Status" : "Completed"


},

{
    "name": "Henry",
    "orderdate" : "1 Aug 2022 - 12:25 am",
    "ordertype" : "Home Delivery",
    "TrackingId" : "458732",
    "OrderTotal" : "N25,000",
    "Status" : "Completed"
},

{
    "name": "Gal",
    "orderdate" : "12 Aug 2022 - 12:25 am",
    "ordertype" : "Home Delivery",
    "TrackingId" : "938524",
    "OrderTotal" : "N25,000",
    "Status" : "Completed"
},

{
    "name": "Ben",
    "orderdate" : "8 Aug 2022 - 12:25 am",
    "ordertype" : "Home Delivery",
    "TrackingId" : "338955",
    "OrderTotal" : "N25,000",
    "Status" : "Completed"
}






 ]